Keywords,Main Website,Mobile/Phone Number
ASUTRA (M) SDN BHD,https://my308759-asutra-m-sdn-bhd.contact.page/,60 3-5548 1752
ASUTRA (M) SDN BHD,https://my308759-asutra-m-sdn-bhd.contact.page/,03-5548 1753
ASUTRA (M) SDN BHD,https://my308759-asutra-m-sdn-bhd.contact.page/,03-55481752
ASUTRA (M) SDN BHD,https://my308759-asutra-m-sdn-bhd.contact.page/,03-5548 1752
ASUTRA (M) SDN BHD,https://www.tradeindia.com/,1143364336.0
ASUTRA (M) SDN BHD,https://malaysiaowl.com/,60 85-422 595
ASUTRA (M) SDN BHD,https://malaysiaowl.com/,60 6-350 1000
ASUTRA (M) SDN BHD,https://malaysiaowl.com/,60 4-324 3844
ASUTRA (M) SDN BHD,https://malaysiaowl.com/,60 3-2020 1885
ASUTRA (M) SDN BHD,https://malaysiaowl.com/,60 12-458 1276
ASUTRA (M) SDN BHD,https://malaysiaowl.com/,60 3-7783 1399
ASUTRA (M) SDN BHD,https://malaysiaowl.com/,60 3-2780 9609
ASUTRA (M) SDN BHD,https://malaysiaowl.com/,60 4-502 0643
ASUTRA (M) SDN BHD,https://malaysiaowl.com/,60 3-3346 7338
ASUTRA (M) SDN BHD,https://www.listofcompaniesin.com/,302783497.0
ASUTRA (M) SDN BHD,https://www.listofcompaniesin.com/,5398238009.0
ASUTRA (M) SDN BHD,https://www.listofcompaniesin.com/,1614007946.0
ASUTRA (M) SDN BHD,https://www.listofcompaniesin.com/,6052817311.0
