Main Website,Mobile/Phone Number
https://my308759-asutra-m-sdn-bhd.contact.page/,60 3-5548 1752
https://my308759-asutra-m-sdn-bhd.contact.page/,03-5548 1753
https://my308759-asutra-m-sdn-bhd.contact.page/,60 3-5548 1752
https://my308759-asutra-m-sdn-bhd.contact.page/,03-55481752
https://my308759-asutra-m-sdn-bhd.contact.page/,03-5548 1752
https://my308759-asutra-m-sdn-bhd.contact.page/,03-55481752
https://my308759-asutra-m-sdn-bhd.contact.page/,03-5548 1752
https://my308759-asutra-m-sdn-bhd.contact.page/,03-55481752
https://my308759-asutra-m-sdn-bhd.contact.page/,03-5548 1752
https://my308759-asutra-m-sdn-bhd.contact.page/,03-55481752
https://my308759-asutra-m-sdn-bhd.contact.page/,03-5548 1752
https://my308759-asutra-m-sdn-bhd.contact.page/,
https://my308759-asutra-m-sdn-bhd.contact.page/,60 3-5548 1752
https://my308759-asutra-m-sdn-bhd.contact.page/,03-5548 1753
https://my308759-asutra-m-sdn-bhd.contact.page/,60 3-5548 1752
https://my308759-asutra-m-sdn-bhd.contact.page/,03-55481752
https://my308759-asutra-m-sdn-bhd.contact.page/,03-5548 1752
https://my308759-asutra-m-sdn-bhd.contact.page/,03-55481752
https://my308759-asutra-m-sdn-bhd.contact.page/,03-5548 1752
https://my308759-asutra-m-sdn-bhd.contact.page/,03-55481752
https://my308759-asutra-m-sdn-bhd.contact.page/,03-5548 1752
https://my308759-asutra-m-sdn-bhd.contact.page/,03-55481752
https://my308759-asutra-m-sdn-bhd.contact.page/,03-5548 1752
https://my308759-asutra-m-sdn-bhd.contact.page/,
https://www.tradeindia.com/,1143364336.0
https://www.tradeindia.com/,
https://www.bizmalay.com/,
https://malaysiaowl.com/,60 85-422 595
https://malaysiaowl.com/,60 6-350 1000
https://malaysiaowl.com/,60 4-324 3844
https://malaysiaowl.com/,60 3-2020 1885
https://malaysiaowl.com/,60 12-458 1276
https://malaysiaowl.com/,60 3-7783 1399
https://malaysiaowl.com/,60 3-2780 9609
https://malaysiaowl.com/,60 4-502 0643
https://malaysiaowl.com/,60 3-3346 7338
https://malaysiaowl.com/,
https://www.listofcompaniesin.com/,302783497.0
https://www.listofcompaniesin.com/,5398238009.0
https://www.listofcompaniesin.com/,1614007946.0
https://www.listofcompaniesin.com/,6052817311.0
https://www.listofcompaniesin.com/,
